geneid,genename
ENSMUSG00000000563,Atp5f1
ENSMUSG00000024097,Srsf7
ENSMUSG00000055302,Mrfap1
ENSMUSG00000048578,Mlec
ENSMUSG00000004099,Dnmt1
ENSMUSG00000059355,Wdr83os
ENSMUSG00000027828,Ssr3
ENSMUSG00000039771,Polr2j
ENSMUSG00000051154,Commd3
ENSMUSG00000040407,Akap9
ENSMUSG00000036461,Elf1
ENSMUSG00000047547,Cltb
ENSMUSG00000032212,Sltm
ENSMUSG00000021417,Eci2
ENSMUSG00000074884,Serf2
ENSMUSG00000058267,Mrps14
ENSMUSG00000032215,Rsl24d1
ENSMUSG00000044162,Tnip3
ENSMUSG00000059734,Ndufs8
ENSMUSG00000024038,Ndufv3
ENSMUSG00000001158,Snrnp27
ENSMUSG00000079547,H2-DMb1
ENSMUSG00000032218,Ccnb2
ENSMUSG00000001482,Def8
ENSMUSG00000039997,Ifi203
ENSMUSG00000002603,Tgfb1
ENSMUSG00000021868,Ppif
ENSMUSG00000021996,Esd
ENSMUSG00000032187,Smarca4
ENSMUSG00000020022,Ndufa12
ENSMUSG00000045160,Bola3
ENSMUSG00000002778,Kdelr1
ENSMUSG00000032366,Tpm1
ENSMUSG00000053838,Nudcd3
ENSMUSG00000006299,Aamp
ENSMUSG00000028180,Zranb2
ENSMUSG00000027108,Ola1
ENSMUSG00000001025,S100a6
ENSMUSG00000027671,Actl6a
ENSMUSG00000027673,Ndufb5
ENSMUSG00000031984,2810004N23Rik
ENSMUSG00000025785,Exosc7
ENSMUSG00000041841,Rpl37
ENSMUSG00000019362,D8Ertd738e
ENSMUSG00000049422,Chchd10
ENSMUSG00000048118,Arid4a
ENSMUSG00000048277,Syngr2
ENSMUSG00000015749,Anp32e
ENSMUSG00000020936,Nmt1
ENSMUSG00000079435,Rpl36a
ENSMUSG00000042737,Dpm3
ENSMUSG00000024921,Smarca2
ENSMUSG00000024925,Rnaseh2c
ENSMUSG00000041629,Fam104a
ENSMUSG00000024817,Uhrf2
ENSMUSG00000096472,Cdkn2d
ENSMUSG00000040269,Mrps28
ENSMUSG00000016503,Gtf3a
ENSMUSG00000000600,Krit1
ENSMUSG00000037601,Nme1
ENSMUSG00000037608,Bclaf1
ENSMUSG00000007891,Ctsd
ENSMUSG00000007892,Rplp1
ENSMUSG00000029203,Ube2k
ENSMUSG00000013593,Ndufs2
ENSMUSG00000091086,Rpl6l
ENSMUSG00000029687,Ezh2
ENSMUSG00000015961,Adss
ENSMUSG00000034120,Srsf2
ENSMUSG00000028821,Syf2
ENSMUSG00000028820,Sfpq
ENSMUSG00000025503,Taldo1
ENSMUSG00000028822,Tmem50a
ENSMUSG00000047459,Dynlrb1
ENSMUSG00000008206,Cers4
ENSMUSG00000029204,Rhoh
ENSMUSG00000027677,Ttc14
ENSMUSG00000031068,Glrx3
ENSMUSG00000074781,Ube2n
ENSMUSG00000006362,Cbfa2t3
ENSMUSG00000029191,Rfc1
ENSMUSG00000029198,Grpel1
ENSMUSG00000038150,Ormdl3
ENSMUSG00000067288,Rps28
ENSMUSG00000022185,Acin1
ENSMUSG00000022186,Oxct1
ENSMUSG00000029066,Mrpl20
ENSMUSG00000051319,1500011K16Rik
ENSMUSG00000028138,Adh5
ENSMUSG00000025326,Ube3a
ENSMUSG00000057657,Rps18-ps3
ENSMUSG00000074656,Eif2s2
ENSMUSG00000067847,Romo1
ENSMUSG00000022982,Sod1
ENSMUSG00000075602,Ly6a
ENSMUSG00000028998,Tomm7
ENSMUSG00000071337,Tia1
ENSMUSG00000028312,Smc2
ENSMUSG00000035297,Cops4
ENSMUSG00000034349,Smc4
ENSMUSG00000038803,Ost4
ENSMUSG00000028484,Psip1
ENSMUSG00000066629,Rpl36-ps3
ENSMUSG00000039219,Arid4b
ENSMUSG00000045983,Eif4g1
ENSMUSG00000052684,Jun
ENSMUSG00000052681,Rap1b
ENSMUSG00000068391,Chrac1
ENSMUSG00000046432,Ngfrap1
ENSMUSG00000046434,Hnrnpa1
ENSMUSG00000023904,Hcfc1r1
ENSMUSG00000098112,Bin2
ENSMUSG00000032766,Gng11
ENSMUSG00000094724,Rnaset2b
ENSMUSG00000020585,Laptm4a
ENSMUSG00000030588,Yif1b
ENSMUSG00000027679,Dnajc19
ENSMUSG00000005103,Wdr1
ENSMUSG00000034353,Ramp1
ENSMUSG00000070319,Eif3g
ENSMUSG00000075232,Amd1
ENSMUSG00000053898,Ech1
ENSMUSG00000032171,Pin1
ENSMUSG00000020153,Ndufs7
ENSMUSG00000020152,Actr2
ENSMUSG00000053560,Ier2
ENSMUSG00000037935,Smarce1
ENSMUSG00000053565,Eif3k
ENSMUSG00000045193,Cirbp
ENSMUSG00000052305,Hbb-bs
ENSMUSG00000007880,Arid1a
ENSMUSG00000029062,Cdk11b
ENSMUSG00000038900,Rpl12
ENSMUSG00000044573,Acp1
ENSMUSG00000064254,Ethe1
ENSMUSG00000046718,Bst2
ENSMUSG00000008892,Vdac3
ENSMUSG00000033916,Chmp2a
ENSMUSG00000042520,Ubap2l
ENSMUSG00000028495,Rps6
ENSMUSG00000028496,Mllt3
ENSMUSG00000016427,Ndufa1
ENSMUSG00000020485,Supt4a
ENSMUSG00000020484,Xbp1
ENSMUSG00000073411,H2-D1
ENSMUSG00000022884,Eif4a2
ENSMUSG00000022881,Rfc4
ENSMUSG00000044627,Swi5
ENSMUSG00000040274,Cdk6
ENSMUSG00000027447,Cst3
ENSMUSG00000041057,Wdr43
ENSMUSG00000031697,Orc6
ENSMUSG00000020321,Mdh1
ENSMUSG00000087687,Pet100
ENSMUSG00000022956,Atp5o
ENSMUSG00000024646,Cyb5a
ENSMUSG00000078427,Sarnp
ENSMUSG00000010608,Rbm25
ENSMUSG00000001833,Sept7
ENSMUSG00000027684,Mecom
ENSMUSG00000032199,Polr2m
ENSMUSG00000021520,Uqcrb
ENSMUSG00000024007,Ppil1
ENSMUSG00000002580,Mien1
ENSMUSG00000071528,Usmg5
ENSMUSG00000001123,Lgals9
ENSMUSG00000060373,Hnrnpc
ENSMUSG00000052419,2610001J05Rik
ENSMUSG00000032518,Rpsa
ENSMUSG00000061360,Phf5a
ENSMUSG00000036181,Hist1h1c
ENSMUSG00000033355,Rtp4
ENSMUSG00000028945,Rheb
ENSMUSG00000045996,Polr2k
ENSMUSG00000026087,Mrpl30
ENSMUSG00000028010,Gar1
ENSMUSG00000026305,Lrrfip1
ENSMUSG00000040713,Creg1
ENSMUSG00000026895,Ndufa8
ENSMUSG00000004285,Atp6v1f
ENSMUSG00000091896,Ube2d2a
ENSMUSG00000067274,Rplp0
ENSMUSG00000040451,Sgms1
ENSMUSG00000049517,Rps23
ENSMUSG00000022174,Dad1
ENSMUSG00000023170,Gps2
ENSMUSG00000071451,Psmg4
ENSMUSG00000023175,Bsg
ENSMUSG00000004610,Etfb
ENSMUSG00000004612,Nkg7
ENSMUSG00000071632,2510002D24Rik
ENSMUSG00000040481,Bptf
ENSMUSG00000000861,Bcl11a
ENSMUSG00000027984,Hadh
ENSMUSG00000039515,Ppp2r4
ENSMUSG00000030216,Wbp11
ENSMUSG00000040466,Blvrb
ENSMUSG00000026260,Ndufa10
ENSMUSG00000040463,Mybbp1a
ENSMUSG00000027078,Ube2l6
ENSMUSG00000061838,Suclg2
ENSMUSG00000023967,Mrps18a
ENSMUSG00000029836,Cbx3
ENSMUSG00000040459,Arglu1
ENSMUSG00000022553,Maf1
ENSMUSG00000008475,Arpc5
ENSMUSG00000046402,Rbp1
ENSMUSG00000029545,Acads
ENSMUSG00000062169,Cnih4
ENSMUSG00000027533,Fabp5
ENSMUSG00000057130,Txnl4a
ENSMUSG00000021040,Slirp
ENSMUSG00000042747,Krtcap2
ENSMUSG00000028470,Hint2
ENSMUSG00000025204,Ndufb8
ENSMUSG00000028639,Ybx1
ENSMUSG00000022551,Cyc1
ENSMUSG00000022314,Rad21
ENSMUSG00000025337,Sbds
ENSMUSG00000023828,Slc22a3
ENSMUSG00000022427,Tomm22
ENSMUSG00000021486,Prelid1
ENSMUSG00000035199,Arl6ip5
ENSMUSG00000060063,Alox5ap
ENSMUSG00000034647,Ankrd12
ENSMUSG00000028832,Stmn1
ENSMUSG00000025511,Tspan4
ENSMUSG00000028837,Psmb2
ENSMUSG00000022312,Eif3h
ENSMUSG00000031197,Vbp1
ENSMUSG00000021270,Hsp90aa1
ENSMUSG00000031198,Fundc2
ENSMUSG00000005125,Ndrg1
ENSMUSG00000029076,Sdf4
ENSMUSG00000054342,Kcnn4
ENSMUSG00000006412,Pfdn2
ENSMUSG00000021242,Npc2
ENSMUSG00000021243,Fcf1
ENSMUSG00000090451,Gm6133
ENSMUSG00000021248,Tmed10
ENSMUSG00000038717,Atp5l
ENSMUSG00000023020,Cox14
ENSMUSG00000003435,Supt5
ENSMUSG00000056737,Capg
ENSMUSG00000040681,Hmgn1
ENSMUSG00000026473,Glul
ENSMUSG00000027907,S100a11
ENSMUSG00000003949,Hlf
ENSMUSG00000030120,Mlf2
ENSMUSG00000030127,Cops7a
ENSMUSG00000014554,Dguok
ENSMUSG00000019432,Ddx39b
ENSMUSG00000040204,2810417H13Rik
ENSMUSG00000041881,Ndufa7
ENSMUSG00000060739,Nsa2
ENSMUSG00000020914,Top2a
ENSMUSG00000086316,2210013O21Rik
ENSMUSG00000022193,Psmb5
ENSMUSG00000014956,Ppp1cb
ENSMUSG00000059900,Tmem40
ENSMUSG00000022370,Mrpl13
ENSMUSG00000022403,St13
ENSMUSG00000029322,Plac8
ENSMUSG00000007739,Cct4
ENSMUSG00000047867,Gimap6
ENSMUSG00000021660,Btf3
ENSMUSG00000016087,Fli1
ENSMUSG00000062006,Rpl34
ENSMUSG00000007656,Arpp19
ENSMUSG00000047260,Emc6
ENSMUSG00000028851,Nudc
ENSMUSG00000034664,Itga2b
ENSMUSG00000004849,Ap1s1
ENSMUSG00000038005,2700029M09Rik
ENSMUSG00000009927,Rps25
ENSMUSG00000026878,Rab14
ENSMUSG00000020444,Guk1
ENSMUSG00000020440,Arf5
ENSMUSG00000026872,Zeb2
ENSMUSG00000005873,Reep5
ENSMUSG00000056201,Cfl1
ENSMUSG00000031059,Ndufb11
ENSMUSG00000056209,Npm3
ENSMUSG00000057863,Rpl36
ENSMUSG00000003380,Rabac1
ENSMUSG00000027236,Eif3j1
ENSMUSG00000030707,Coro1a
ENSMUSG00000026083,Eif5b
ENSMUSG00000036398,Ppp1r11
ENSMUSG00000061136,Prpf40a
ENSMUSG00000001175,Calm1
ENSMUSG00000002379,Ndufa11
ENSMUSG00000018293,Pfn1
ENSMUSG00000032562,Gnai2
ENSMUSG00000107002,0610012G03Rik
ENSMUSG00000062580,Timm17a
ENSMUSG00000032892,Rangrf
ENSMUSG00000078784,1810022K09Rik
ENSMUSG00000019210,Atp6v1e1
ENSMUSG00000033386,Frrs1
ENSMUSG00000024290,Rock1
ENSMUSG00000037710,Cisd1
ENSMUSG00000033940,Brk1
ENSMUSG00000018583,G3bp1
ENSMUSG00000018585,Atox1
ENSMUSG00000006095,Tbcb
ENSMUSG00000061288,Taok3
ENSMUSG00000032388,Spg21
ENSMUSG00000061286,Exosc5
ENSMUSG00000042354,Gnl3
ENSMUSG00000032383,Ppib
ENSMUSG00000032381,Fam96a
ENSMUSG00000019982,Myb
ENSMUSG00000020048,Hsp90b1
ENSMUSG00000026728,Vim
ENSMUSG00000070544,Top1
ENSMUSG00000050708,Ftl1
ENSMUSG00000027835,Pdcd10
ENSMUSG00000024835,Coro1b
ENSMUSG00000033760,Rbm4b
ENSMUSG00000022407,Adsl
ENSMUSG00000086290,Snhg12
ENSMUSG00000026615,Eprs
ENSMUSG00000058064,Gm10036
ENSMUSG00000015165,Hnrnpl
ENSMUSG00000024587,Nars
ENSMUSG00000005474,Myl10
ENSMUSG00000024583,Txnl1
ENSMUSG00000024346,Pfdn1
ENSMUSG00000026727,Rsu1
ENSMUSG00000050071,Bex1
ENSMUSG00000024610,Cd74
ENSMUSG00000033543,Gtf2a2
ENSMUSG00000005054,Cstb
ENSMUSG00000033161,Atp1a1
ENSMUSG00000067194,Eif1ax
ENSMUSG00000032966,Fkbp1a
ENSMUSG00000034321,Exosc1
ENSMUSG00000058407,Txndc9
ENSMUSG00000026721,Rabgap1l
ENSMUSG00000019505,Ubb
ENSMUSG00000022400,Rbx1
ENSMUSG00000029455,Aldh2
ENSMUSG00000015994,Fnta
ENSMUSG00000062397,Zfp706
ENSMUSG00000024248,Cox7a2l
ENSMUSG00000027593,Raly
ENSMUSG00000030717,Nupr1
ENSMUSG00000027611,Procr
ENSMUSG00000030007,Cct7
ENSMUSG00000041645,Ddx24
ENSMUSG00000036504,Phpt1
ENSMUSG00000037058,Paip2
ENSMUSG00000033020,Polr2f
ENSMUSG00000033751,Gadd45gip1
ENSMUSG00000005481,Ddx39
ENSMUSG00000001924,Uba1
ENSMUSG00000015759,Cnih1
ENSMUSG00000058503,Fam133b
ENSMUSG00000040212,Emp3
ENSMUSG00000031167,Rbm3
ENSMUSG00000027133,Nop10
ENSMUSG00000055839,Tceb2
ENSMUSG00000024335,Brd2
ENSMUSG00000079426,Arpc4
ENSMUSG00000024339,Tap2
ENSMUSG00000024338,Psmb8
ENSMUSG00000025935,Tram1
ENSMUSG00000036478,Btg1
ENSMUSG00000027227,Sord
ENSMUSG00000051627,Hist1h1e
ENSMUSG00000009585,Apobec3
ENSMUSG00000014769,Psmb1
ENSMUSG00000019179,Mdh2
ENSMUSG00000015656,Hspa8
ENSMUSG00000074476,Spc24
ENSMUSG00000029993,Nfu1
ENSMUSG00000030224,Strap
ENSMUSG00000030220,Arhgdib
ENSMUSG00000012405,Rpl15
ENSMUSG00000031848,Lsm4
ENSMUSG00000003429,Rps11
ENSMUSG00000047675,Rps8
ENSMUSG00000019710,Mrpl24
ENSMUSG00000030824,Nucb1
ENSMUSG00000003955,Fam162a
ENSMUSG00000040699,Limd2
ENSMUSG00000041453,Rpl21
ENSMUSG00000027829,Ccnl1
ENSMUSG00000041459,Tardbp
ENSMUSG00000031532,Saraf
ENSMUSG00000041859,Mcm3
ENSMUSG00000073002,Vamp5
ENSMUSG00000005732,Ranbp1
ENSMUSG00000031996,Aplp2
ENSMUSG00000039630,Hnrnpu
ENSMUSG00000038722,Bud31
ENSMUSG00000031246,Sh3bgrl
ENSMUSG00000016495,Plgrkt
ENSMUSG00000006289,Osgep
ENSMUSG00000023932,Cdc5l
ENSMUSG00000002416,Ndufb2
ENSMUSG00000018666,Cbx1
ENSMUSG00000050856,Atp5k
ENSMUSG00000035530,Eif1
ENSMUSG00000038812,Trmt112
ENSMUSG00000064341,mt-Nd1
ENSMUSG00000064345,mt-Nd2
ENSMUSG00000014226,Cacybp
ENSMUSG00000093904,Tomm20
ENSMUSG00000034932,Mrpl54
ENSMUSG00000062825,Actg1
ENSMUSG00000028034,Fubp1
ENSMUSG00000048865,Arhgap30
ENSMUSG00000032712,2810474O19Rik
ENSMUSG00000023939,Mrpl14
ENSMUSG00000016319,Slc25a5
ENSMUSG00000028580,Pum1
ENSMUSG00000028581,Laptm5
ENSMUSG00000028618,Tmem59
ENSMUSG00000034243,Golgb1
ENSMUSG00000026019,Wdr12
ENSMUSG00000003161,Sri
ENSMUSG00000046516,Cox17
ENSMUSG00000025351,Cd63
ENSMUSG00000021474,Sfxn1
ENSMUSG00000014313,Cox6c
ENSMUSG00000063511,Snrnp70
ENSMUSG00000052962,Mrpl35
ENSMUSG00000053768,Chchd3
ENSMUSG00000060550,H2-Q7
ENSMUSG00000024026,Glo1
ENSMUSG00000091537,Tma7
ENSMUSG00000021500,Ddx46
ENSMUSG00000037706,Cd81
ENSMUSG00000090841,Myl6
ENSMUSG00000024758,Rtn3
ENSMUSG00000018286,Psmb6
ENSMUSG00000032575,Manf
ENSMUSG00000021877,Arf4
ENSMUSG00000021871,Pnp
ENSMUSG00000033379,Atp6v0b
ENSMUSG00000087260,Lamtor5
ENSMUSG00000015575,Atp6v0e
ENSMUSG00000037916,Ndufv1
ENSMUSG00000032407,U2surp
ENSMUSG00000032399,Rpl4
ENSMUSG00000078572,1810043H04Rik
ENSMUSG00000059835,Rpl13-ps3
ENSMUSG00000078578,Ube2d3
ENSMUSG00000032397,Tipin
ENSMUSG00000018446,C1qbp
ENSMUSG00000019173,Rab5c
ENSMUSG00000030738,Eif3c
ENSMUSG00000000184,Ccnd2
ENSMUSG00000017716,Birc5
ENSMUSG00000028772,Zcchc17
ENSMUSG00000020547,Bzw2
ENSMUSG00000042406,Atf4
ENSMUSG00000026918,Brd3
ENSMUSG00000021018,Polr2h
ENSMUSG00000073155,1810058I24Rik
ENSMUSG00000073640,Rpl27-ps3
ENSMUSG00000026914,Psmd14
ENSMUSG00000007041,Clic1
ENSMUSG00000015092,Edf1
ENSMUSG00000061983,Rps12
ENSMUSG00000026353,Ubxn4
ENSMUSG00000026355,Mcm6
ENSMUSG00000026357,Rgs18
ENSMUSG00000026356,Dars
ENSMUSG00000026358,Rgs1
ENSMUSG00000051355,Commd1
ENSMUSG00000004552,Ctse
ENSMUSG00000006715,Gmnn
ENSMUSG00000029152,Ociad1
ENSMUSG00000051223,Bzw1
ENSMUSG00000031221,Igbp1
ENSMUSG00000020850,Prpf8
ENSMUSG00000031229,Atrx
ENSMUSG00000034160,Ogt
ENSMUSG00000022450,Ndufa6
ENSMUSG00000029373,Pf4
ENSMUSG00000022452,Smdt1
ENSMUSG00000035960,Apex1
ENSMUSG00000020160,Meis1
ENSMUSG00000020163,Uqcr11
ENSMUSG00000035569,Ankrd11
ENSMUSG00000068823,Csde1
ENSMUSG00000062981,Mrpl42
ENSMUSG00000038845,Phb
ENSMUSG00000069516,Lyz2
ENSMUSG00000045948,Mrps12
ENSMUSG00000043716,Rpl7
ENSMUSG00000043241,Upf2
ENSMUSG00000023944,Hsp90ab1
ENSMUSG00000034786,Gpsm3
ENSMUSG00000057322,Rpl38
ENSMUSG00000029776,Hibadh
ENSMUSG00000029777,Gars
ENSMUSG00000007458,M6pr
ENSMUSG00000036835,Psenen
ENSMUSG00000042712,Wbp5
ENSMUSG00000023048,Prr13
ENSMUSG00000022216,Psme1
ENSMUSG00000034566,Atp5h
ENSMUSG00000057329,Bcl2
ENSMUSG00000050628,Ubald2
ENSMUSG00000025492,Ifitm3
ENSMUSG00000030315,Vgll4
ENSMUSG00000034165,Ccnd3
ENSMUSG00000030313,Dennd5b
ENSMUSG00000024661,Fth1
ENSMUSG00000005354,Txn2
ENSMUSG00000001674,Ddx18
ENSMUSG00000038690,Atp5j2
ENSMUSG00000030062,Rpn1
ENSMUSG00000058546,Rpl23a
ENSMUSG00000040253,Gbp7
ENSMUSG00000037499,Nenf
ENSMUSG00000067038,Rps12-ps3
ENSMUSG00000021607,Mrpl36
ENSMUSG00000015714,Cers2
ENSMUSG00000040242,Fgfr1op2
ENSMUSG00000006932,Ctnnb1
ENSMUSG00000071068,Treml2
ENSMUSG00000002257,Def6
ENSMUSG00000044734,Serpinb1a
ENSMUSG00000034424,Gcsh
ENSMUSG00000019579,Mydgf
ENSMUSG00000019578,Ubxn6
ENSMUSG00000019370,Calm3
ENSMUSG00000027466,Rbck1
ENSMUSG00000001105,Ift20
ENSMUSG00000024308,Tapbp
ENSMUSG00000006333,Rps9
ENSMUSG00000027472,Pdrg1
ENSMUSG00000022841,Ap2m1
ENSMUSG00000043091,Tuba1c
ENSMUSG00000022148,Fyb
ENSMUSG00000004771,Rab11a
ENSMUSG00000005779,Psmb4
ENSMUSG00000060904,Arl1
ENSMUSG00000051518,Rps19bp1
ENSMUSG00000031403,Dkc1
ENSMUSG00000055053,Nfic
ENSMUSG00000071644,Eef1g
ENSMUSG00000090101,Snhg9
ENSMUSG00000073421,H2-Ab1
ENSMUSG00000073422,H2-Ke6
ENSMUSG00000027881,Prpf38b
ENSMUSG00000030869,Ndufab1
ENSMUSG00000005687,Bcas2
ENSMUSG00000000078,Klf6
ENSMUSG00000027642,Rpn2
ENSMUSG00000040385,Ppp1ca
ENSMUSG00000030042,Pole4
ENSMUSG00000037012,Hk1
ENSMUSG00000024516,Sec11c
ENSMUSG00000091625,Lsm5
ENSMUSG00000039671,Zmynd8
ENSMUSG00000072772,Grcc10
ENSMUSG00000026341,Actr3
ENSMUSG00000033467,Crlf2
ENSMUSG00000020949,Fkbp3
ENSMUSG00000008333,Snrpb2
ENSMUSG00000028426,Rad23b
ENSMUSG00000016494,Cd34
ENSMUSG00000071655,Ubxn1
ENSMUSG00000060802,B2m
ENSMUSG00000051234,Rnf7
ENSMUSG00000029162,Khk
ENSMUSG00000055762,Eef1d
ENSMUSG00000029169,Dhx15
ENSMUSG00000069744,Psmb3
ENSMUSG00000060938,Rpl26
ENSMUSG00000031783,Polr2c
ENSMUSG00000081534,Slc48a1
ENSMUSG00000063229,Ldha
ENSMUSG00000071654,Uqcc3
ENSMUSG00000040824,Snrpd2
ENSMUSG00000024742,Fen1
ENSMUSG00000059208,Hnrnpm
ENSMUSG00000026238,Ptma
ENSMUSG00000015671,Psma2
ENSMUSG00000015672,Mrpl32
ENSMUSG00000041481,Serpina3g
ENSMUSG00000026234,Ncl
ENSMUSG00000027637,1110008F13Rik
ENSMUSG00000020923,Ubtf
ENSMUSG00000024853,Sf3b2
ENSMUSG00000024854,Pold4
ENSMUSG00000055204,Ankrd17
ENSMUSG00000029014,Dnajc2
ENSMUSG00000038274,Fau
ENSMUSG00000037373,Ctbp1
ENSMUSG00000025066,Sfr1
ENSMUSG00000038301,Snx10
ENSMUSG00000045954,Sdpr
ENSMUSG00000042675,Ypel3
ENSMUSG00000021178,Psmc1
ENSMUSG00000028163,Nfkb1
ENSMUSG00000015289,Lage3
ENSMUSG00000028165,Cisd2
ENSMUSG00000029344,Tpst2
ENSMUSG00000022462,Slc38a2
ENSMUSG00000026029,Casp8
ENSMUSG00000023952,Gtpbp2
ENSMUSG00000029580,Actb
ENSMUSG00000047888,Tnrc6b
ENSMUSG00000025068,Gsto1
ENSMUSG00000028692,Akr1a1
ENSMUSG00000028693,Nasp
ENSMUSG00000028691,Prdx1
ENSMUSG00000006498,Ptbp1
ENSMUSG00000003308,Keap1
ENSMUSG00000025486,Sirt3
ENSMUSG00000025487,Psmd13
ENSMUSG00000020571,Pdia6
ENSMUSG00000020570,Sypl
ENSMUSG00000020577,Tspan13
ENSMUSG00000030079,Ruvbl1
ENSMUSG00000004096,Cwc15
ENSMUSG00000042043,Tbca
ENSMUSG00000060586,H2-Eb1
ENSMUSG00000020372,Gnb2l1
ENSMUSG00000054312,Mrps21
ENSMUSG00000053119,Chmp3
ENSMUSG00000054641,Mmrn1
ENSMUSG00000021792,Fam213a
ENSMUSG00000019961,Tmpo
ENSMUSG00000017707,Serinc3
ENSMUSG00000066407,Gm10263
ENSMUSG00000066406,Akap13
ENSMUSG00000052428,Tmco1
ENSMUSG00000018501,Ncor1
ENSMUSG00000037805,Rpl10a
ENSMUSG00000032253,Phip
ENSMUSG00000045128,Rpl18a
ENSMUSG00000033813,Tcea1
ENSMUSG00000035781,R3hdm4
ENSMUSG00000020766,Galk1
ENSMUSG00000032320,Rcn2
ENSMUSG00000032324,Tspan3
ENSMUSG00000052337,Immt
ENSMUSG00000007850,Hnrnph1
ENSMUSG00000022346,Myc
ENSMUSG00000008683,Rps15a
ENSMUSG00000008682,Rpl10
ENSMUSG00000018189,Uchl5
ENSMUSG00000021957,Tkt
ENSMUSG00000030417,Pdcd5
ENSMUSG00000033499,Larp4b
ENSMUSG00000051695,Pcbp1
ENSMUSG00000020994,Pnn
ENSMUSG00000023089,Ndufa5
ENSMUSG00000026254,Eif4e2
ENSMUSG00000027523,Gnas
ENSMUSG00000037152,Ndufc1
ENSMUSG00000006818,Sod2
ENSMUSG00000036315,Znrd1
ENSMUSG00000024217,Snrpc
ENSMUSG00000010095,Slc3a2
ENSMUSG00000000244,Tspan32
ENSMUSG00000001847,Rac1
ENSMUSG00000021484,Lman2
ENSMUSG00000058558,Rpl5
ENSMUSG00000038683,Pak1ip1
ENSMUSG00000027304,Rtf1
ENSMUSG00000024691,Fam111a
ENSMUSG00000058799,Nap1l1
ENSMUSG00000096727,Psmb9
ENSMUSG00000058794,Nfe2
ENSMUSG00000071072,Ptges3
ENSMUSG00000021998,Lcp1
ENSMUSG00000079477,Rab7
ENSMUSG00000064367,mt-Nd5
ENSMUSG00000021832,Psmc6
ENSMUSG00000034345,Gtf2h5
ENSMUSG00000036323,Srp72
ENSMUSG00000078193,Gm2000
ENSMUSG00000074748,Atxn7l3b
ENSMUSG00000061559,Wdr61
ENSMUSG00000028159,Dapp1
ENSMUSG00000045962,Wnk1
ENSMUSG00000034361,Cpne2
ENSMUSG00000009863,Sdhb
ENSMUSG00000025651,Uqcrc1
ENSMUSG00000028156,Eif4e
ENSMUSG00000045767,B230219D22Rik
ENSMUSG00000037822,Smim14
ENSMUSG00000039640,Mrpl12
ENSMUSG00000039067,Psmd7
ENSMUSG00000032745,Gpbp1
ENSMUSG00000047945,Marcksl1
ENSMUSG00000060143,Gm10076
ENSMUSG00000049751,Rpl36al
ENSMUSG00000032740,Ccdc88a
ENSMUSG00000002111,Spi1
ENSMUSG00000053310,Nrgn
ENSMUSG00000029559,2210016L21Rik
ENSMUSG00000053317,Sec61b
ENSMUSG00000038227,Hoxa9
ENSMUSG00000025781,Atp5c1
ENSMUSG00000021037,Ahsa1
ENSMUSG00000021039,Snw1
ENSMUSG00000021149,Gtpbp4
ENSMUSG00000071866,Ppia
ENSMUSG00000024393,Prrc2a
ENSMUSG00000036199,Ndufa13
ENSMUSG00000058443,Rpl10-ps3
ENSMUSG00000078853,Igtp
ENSMUSG00000051811,Cox6b2
ENSMUSG00000013822,Elof1
ENSMUSG00000043962,Thrap3
ENSMUSG00000014294,Ndufa2
ENSMUSG00000032525,Nktr
ENSMUSG00000021843,Ktn1
ENSMUSG00000019942,Cdk1
ENSMUSG00000045817,Zfp36l2
ENSMUSG00000022890,Atp5j
ENSMUSG00000018567,Gabarap
ENSMUSG00000006057,Atp5g1
ENSMUSG00000024014,Pim1
ENSMUSG00000037820,Tgm2
ENSMUSG00000021537,Cetn3
ENSMUSG00000020009,Ifngr1
ENSMUSG00000025508,Rplp2
ENSMUSG00000020149,Rab1a
ENSMUSG00000002028,Kmt2a
ENSMUSG00000042462,Dctpp1
ENSMUSG00000032698,Lmo2
ENSMUSG00000006058,Snf8
ENSMUSG00000024856,Cdk2ap2
ENSMUSG00000034211,Mrps17
ENSMUSG00000025232,Hexa
ENSMUSG00000011884,Gltp
ENSMUSG00000023367,Tmem176a
ENSMUSG00000022858,Tra2b
ENSMUSG00000090137,Uba52
ENSMUSG00000012422,Tmem167
ENSMUSG00000012429,Mplkip
ENSMUSG00000048076,Arf1
ENSMUSG00000109324,Prmt1
ENSMUSG00000003402,Prkcsh
ENSMUSG00000019777,Hdac2
ENSMUSG00000014748,Tex261
ENSMUSG00000030591,Psmd8
ENSMUSG00000027067,Ssrp1
ENSMUSG00000050552,Lamtor4
ENSMUSG00000021218,Gdi2
ENSMUSG00000090733,Rps27
ENSMUSG00000039615,Stub1
ENSMUSG00000041870,Ankrd13a
ENSMUSG00000037321,Tap1
ENSMUSG00000003970,Rpl8
ENSMUSG00000059323,Tonsl
ENSMUSG00000015733,Capza2
ENSMUSG00000014606,Slc25a11
ENSMUSG00000027203,Dut
ENSMUSG00000001056,Nhp2
ENSMUSG00000045503,Sys1
ENSMUSG00000006442,Srm
ENSMUSG00000071662,Polr2g
ENSMUSG00000027808,Serp1
ENSMUSG00000028800,Hdac1
ENSMUSG00000022234,Cct5
ENSMUSG00000029227,Fip1l1
ENSMUSG00000003778,Brd8
ENSMUSG00000022437,Samm50
ENSMUSG00000028798,Eif3i
ENSMUSG00000028797,Tmem234
ENSMUSG00000028792,Ak2
ENSMUSG00000028790,Khdrbs1
ENSMUSG00000057236,Rbbp4
ENSMUSG00000066979,Bub3
ENSMUSG00000009687,Fxyd5
ENSMUSG00000028809,Srrm1
ENSMUSG00000056076,Eif3b
ENSMUSG00000029823,Luc7l2
ENSMUSG00000029048,Rer1
ENSMUSG00000029616,Erp29
ENSMUSG00000022309,Angpt1
ENSMUSG00000003992,Ssbp2
ENSMUSG00000022781,Pak2
ENSMUSG00000042390,Gatad2b
ENSMUSG00000090553,Snrpe
ENSMUSG00000031245,Hmgn5
ENSMUSG00000047721,Bola2
ENSMUSG00000026421,Csrp1
ENSMUSG00000017493,Igfbp4
ENSMUSG00000078453,Abracl
ENSMUSG00000024498,Tcerg1
ENSMUSG00000028788,Ptp4a2
ENSMUSG00000025001,Hells
ENSMUSG00000028568,Btf3l4
ENSMUSG00000057113,Npm1
ENSMUSG00000077450,Rab11b
ENSMUSG00000002107,Celf2
ENSMUSG00000106918,Mrpl33
ENSMUSG00000021024,Psma6
ENSMUSG00000021025,Nfkbia
ENSMUSG00000034203,Chchd4
ENSMUSG00000029780,Nt5c3
ENSMUSG00000022205,Sub1
ENSMUSG00000029363,Rfc5
ENSMUSG00000025647,Shisa5
ENSMUSG00000003039,Fam32a
ENSMUSG00000034681,Rnps1
ENSMUSG00000089847,Timm10b
ENSMUSG00000009079,Ewsr1
ENSMUSG00000052146,Rps10
ENSMUSG00000025794,Rpl14
ENSMUSG00000026921,Egfl7
ENSMUSG00000054091,1810037I17Rik
ENSMUSG00000025825,Iscu
ENSMUSG00000047139,Cd24a
ENSMUSG00000022338,Eny2
ENSMUSG00000084786,Ubl5
ENSMUSG00000062997,Rpl35
ENSMUSG00000022336,Eif3e
ENSMUSG00000095041,PISD
ENSMUSG00000068749,Psma5
ENSMUSG00000068039,Tcp1
ENSMUSG00000021548,Ccnh
ENSMUSG00000060591,Ifitm2
ENSMUSG00000031231,Cox7b
ENSMUSG00000020018,Snrpf
ENSMUSG00000024067,Dpy30
ENSMUSG00000021546,Hnrnpk
ENSMUSG00000042032,Mat2b
ENSMUSG00000020778,Ten1
ENSMUSG00000037958,Nsrp1
ENSMUSG00000032353,Tmed3
ENSMUSG00000028964,Park7
ENSMUSG00000062867,Impdh2
ENSMUSG00000025130,P4hb
ENSMUSG00000068101,Cenpm
ENSMUSG00000042079,Hnrnpf
ENSMUSG00000032239,Rp9
ENSMUSG00000068290,Ddrgk1
ENSMUSG00000035885,Cox8a
ENSMUSG00000028367,Txn1
ENSMUSG00000006024,Napa
ENSMUSG00000020171,Yeats4
ENSMUSG00000033938,Ndufb7
ENSMUSG00000029817,Tra2a
ENSMUSG00000006589,Aprt
ENSMUSG00000027479,Mapre1
ENSMUSG00000071054,Safb
ENSMUSG00000005161,Prdx2
ENSMUSG00000059796,Eif4a1
ENSMUSG00000027306,Nusap1
ENSMUSG00000031506,Ptpn7
ENSMUSG00000031508,Ankrd10
ENSMUSG00000005698,Ctcf
ENSMUSG00000030057,Cnbp
ENSMUSG00000000088,Cox5a
ENSMUSG00000005566,Trim28
ENSMUSG00000033653,Vps8
ENSMUSG00000054808,Actn4
ENSMUSG00000005583,Mef2c
ENSMUSG00000062456,Rpl9-ps6
ENSMUSG00000014633,Cmc2
ENSMUSG00000002984,Tomm40
ENSMUSG00000059005,Hnrnpa3
ENSMUSG00000059552,Trp53
ENSMUSG00000030697,Ppp4c
ENSMUSG00000030695,Aldoa
ENSMUSG00000026655,Fam107b
ENSMUSG00000018965,Ywhah
ENSMUSG00000079108,Srp54b
ENSMUSG00000024309,Pfdn6
ENSMUSG00000022940,Pigp
ENSMUSG00000030876,Mettl9
ENSMUSG00000030879,Mrpl17
ENSMUSG00000029810,Tmem176b
ENSMUSG00000023150,Ivns1abp
ENSMUSG00000029038,Ssu72
ENSMUSG00000063802,Hspbp1
ENSMUSG00000040732,Erg
ENSMUSG00000040731,Eif4h
ENSMUSG00000097971,Gm26917
ENSMUSG00000029147,Ppm1g
ENSMUSG00000029146,Snx17
ENSMUSG00000036992,Nxt1
ENSMUSG00000069769,Msi2
ENSMUSG00000066037,Hnrnpr
ENSMUSG00000058833,2810428I15Rik
ENSMUSG00000040025,Ythdf2
ENSMUSG00000027091,Zc3h15
ENSMUSG00000026434,Nucks1
ENSMUSG00000056888,Glipr1
ENSMUSG00000031479,Vps36
ENSMUSG00000055044,Pdlim1
ENSMUSG00000055681,Cope
ENSMUSG00000022945,Chaf1b
ENSMUSG00000031897,Psmb10
ENSMUSG00000034024,Cct2
ENSMUSG00000059775,Rps26-ps1
ENSMUSG00000022698,Naa50
ENSMUSG00000055447,Cd47
ENSMUSG00000018102,Hist1h2bc
ENSMUSG00000028333,Anp32b
ENSMUSG00000021807,2700060E02Rik
ENSMUSG00000025491,Ifitm1
ENSMUSG00000087590,Epb41l4aos
ENSMUSG00000027510,Rbm38
ENSMUSG00000020232,Hmg20b
ENSMUSG00000001525,Tubb5
ENSMUSG00000060261,Gtf2i
ENSMUSG00000053012,Krcc1
ENSMUSG00000078713,Tomm5
ENSMUSG00000019804,Snx3
ENSMUSG00000062647,Rpl7a
ENSMUSG00000027422,Rrbp1
ENSMUSG00000027423,Snx5
ENSMUSG00000010406,Mrpl52
ENSMUSG00000053477,Tcf4
ENSMUSG00000002477,Snrpd1
ENSMUSG00000053907,Mat2a
ENSMUSG00000042323,Pbrm1
ENSMUSG00000064326,Siva1
ENSMUSG00000033845,Mrpl15
ENSMUSG00000006373,Pgrmc1
ENSMUSG00000091337,Eid1
ENSMUSG00000001416,Cct3
ENSMUSG00000061232,H2-K1
ENSMUSG00000032312,Csk
ENSMUSG00000020737,Hn1
ENSMUSG00000021606,Ndufs6
ENSMUSG00000038412,Higd1a
ENSMUSG00000017404,Rpl19
ENSMUSG00000044080,S100a1
ENSMUSG00000041697,Cox6a1
ENSMUSG00000063273,Naa15
ENSMUSG00000011114,Tbrg1
ENSMUSG00000024474,Ik
ENSMUSG00000030647,Ndufc2
ENSMUSG00000027195,Hsd17b12
ENSMUSG00000050608,Minos1
ENSMUSG00000050732,Vamp8
ENSMUSG00000005533,Igf1r
ENSMUSG00000101609,Kcnq1ot1
ENSMUSG00000027287,Snap23
ENSMUSG00000027282,Mtch2
ENSMUSG00000024953,Prdx5
ENSMUSG00000036748,Cuedc2
ENSMUSG00000019188,H13
ENSMUSG00000019795,Pcmt1
ENSMUSG00000067148,Polr1c
ENSMUSG00000046671,Mtfr1l
ENSMUSG00000064373,Sepp1
ENSMUSG00000041084,Ostc
ENSMUSG00000037169,Mycn
ENSMUSG00000024735,Prpf19
ENSMUSG00000070394,Tmem256
ENSMUSG00000024081,Cebpz
ENSMUSG00000038418,Egr1
ENSMUSG00000020738,Sumo2
ENSMUSG00000035443,Thyn1
ENSMUSG00000042106,Fam212a
ENSMUSG00000004455,Ppp1cc
ENSMUSG00000060073,Psma3
ENSMUSG00000024446,Rpp21
ENSMUSG00000067367,Lyar
ENSMUSG00000062248,Cks2
ENSMUSG00000060860,Ube2s
ENSMUSG00000026568,Mpc2
ENSMUSG00000031320,Rps4x
ENSMUSG00000023043,Krt18
ENSMUSG00000073412,Lst1
ENSMUSG00000074578,Zfos1
ENSMUSG00000029404,Arl6ip4
ENSMUSG00000073702,Rpl31
ENSMUSG00000073676,Hspe1
ENSMUSG00000021377,Dek
ENSMUSG00000048758,Rpl29
ENSMUSG00000025868,Higd2a
ENSMUSG00000030342,Cd9
ENSMUSG00000027968,Larp7
ENSMUSG00000046916,Myct1
ENSMUSG00000038646,Fam103a1
ENSMUSG00000022111,Uchl3
ENSMUSG00000003814,Calr
ENSMUSG00000026104,Stat1
ENSMUSG00000019659,Ccdc12
ENSMUSG00000026966,Ssna1
ENSMUSG00000068921,Dap3
ENSMUSG00000028522,Mier1
ENSMUSG00000060791,Gmfg
ENSMUSG00000022136,Dnajc3
ENSMUSG00000025135,Anapc11
ENSMUSG00000008348,Ubc
ENSMUSG00000028410,Dnaja1
ENSMUSG00000025132,Arhgdia
ENSMUSG00000012848,Rps5
ENSMUSG00000032481,Smarcc1
ENSMUSG00000053279,Aldh1a1
ENSMUSG00000029430,Ran
ENSMUSG00000021111,Papola
ENSMUSG00000021116,Eif2s1
ENSMUSG00000034880,Mrpl34
ENSMUSG00000003072,Atp5d
ENSMUSG00000028745,Capzb
ENSMUSG00000025289,Prdx4
ENSMUSG00000093674,Rpl41
ENSMUSG00000029723,Tsc22d4
ENSMUSG00000026814,Eng
ENSMUSG00000025260,Hsd17b10
ENSMUSG00000025917,Cops5
ENSMUSG00000004980,Hnrnpa2b1
ENSMUSG00000029925,Tbxas1
ENSMUSG00000025465,Echs1
ENSMUSG00000029614,Rpl6
ENSMUSG00000033735,Spr
ENSMUSG00000027248,Pdia3
ENSMUSG00000031590,Frg1
ENSMUSG00000018326,Ywhab
ENSMUSG00000026202,Tuba4a
ENSMUSG00000017561,Crlf3
ENSMUSG00000044894,Uqcrq
ENSMUSG00000019428,Fkbp8
ENSMUSG00000047187,Rab2a
ENSMUSG00000041028,Ghitm
ENSMUSG00000078126,Rpl23a-ps3
ENSMUSG00000057388,Mrpl18
ENSMUSG00000061315,Naca
ENSMUSG00000017188,Coa3
ENSMUSG00000053398,Phgdh
ENSMUSG00000042312,S100a13
ENSMUSG00000021917,Spcs1
ENSMUSG00000087107,AI662270
ENSMUSG00000065990,Aurkaip1
ENSMUSG00000028069,Gpatch4
ENSMUSG00000074088,Snrnp40
ENSMUSG00000032580,Rbm5
ENSMUSG00000006360,Crip1
ENSMUSG00000028066,Pmf1
ENSMUSG00000028062,Lamtor2
ENSMUSG00000007815,Rhoa
ENSMUSG00000037563,Rps16
ENSMUSG00000042133,Ppig
ENSMUSG00000004865,Srpk1
ENSMUSG00000047844,Bex4
ENSMUSG00000015217,Hmgb3
ENSMUSG00000054428,Atpif1
ENSMUSG00000072704,Smim10l1
ENSMUSG00000058135,Gstm1
ENSMUSG00000019782,Rwdd1
ENSMUSG00000036112,Metap2
ENSMUSG00000046229,Scand1
ENSMUSG00000044783,Hjurp
ENSMUSG00000020089,Ppa1
ENSMUSG00000058351,Smim4
ENSMUSG00000024096,Ralbp1
ENSMUSG00000024725,Ostf1
ENSMUSG00000079523,Tmsb10
ENSMUSG00000024099,Ndufv2
ENSMUSG00000021910,Nisch
ENSMUSG00000043998,Mgat2
ENSMUSG00000016833,Mrps18c
ENSMUSG00000036751,Cox6b1
ENSMUSG00000036752,Tubb4b
ENSMUSG00000043991,Pura
ENSMUSG00000044252,Osbpl1a
ENSMUSG00000027562,Car2
ENSMUSG00000044258,Ctla2a
ENSMUSG00000027566,Psma7
ENSMUSG00000032294,Pkm
ENSMUSG00000026755,Arpc5l
ENSMUSG00000016344,Ppdpf
ENSMUSG00000028081,Rps3a1
ENSMUSG00000017999,Ddx27
ENSMUSG00000030357,Fkbp4
ENSMUSG00000105652,4930519L02Rik
ENSMUSG00000004264,Phb2
ENSMUSG00000026003,Acadl
ENSMUSG00000004266,Ptpn6
ENSMUSG00000004268,Emg1
ENSMUSG00000031353,Rbbp7
ENSMUSG00000045624,Esf1
ENSMUSG00000057561,Eif1a
ENSMUSG00000004665,Cnn2
ENSMUSG00000004667,Polr2e
ENSMUSG00000061787,Rps17
ENSMUSG00000000902,Smarcb1
ENSMUSG00000011752,Pgam1
ENSMUSG00000015053,Gata2
ENSMUSG00000066306,Numa1
ENSMUSG00000022108,Itm2b
ENSMUSG00000019461,Plscr3
ENSMUSG00000023456,Tpi1
ENSMUSG00000000346,Dazap2
ENSMUSG00000004040,Stat3
ENSMUSG00000037149,Ddx1
ENSMUSG00000037236,Matr3
ENSMUSG00000030512,Snrpa1
ENSMUSG00000005625,Psmd4
ENSMUSG00000063870,Chd4
ENSMUSG00000014504,Srp19
ENSMUSG00000028465,Tln1
ENSMUSG00000003119,Cdk12
ENSMUSG00000025144,Stra13
ENSMUSG00000045690,Wdr89
ENSMUSG00000002043,Trappc6a
ENSMUSG00000009575,Cbx5
ENSMUSG00000029422,Rsrc2
ENSMUSG00000030706,Mrpl48
ENSMUSG00000042625,Safb2
ENSMUSG00000005881,Ergic3
ENSMUSG00000025630,Hprt
ENSMUSG00000028884,Rpa2
ENSMUSG00000060126,Tpt1
ENSMUSG00000025428,Atp5a1
ENSMUSG00000075706,Gpx4
ENSMUSG00000015839,Nfe2l2
ENSMUSG00000028648,Ndufs5
ENSMUSG00000029730,Mcm7
ENSMUSG00000098274,Rpl24
ENSMUSG00000031004,Mki67
ENSMUSG00000021290,2010107E04Rik
ENSMUSG00000022255,Mtdh
ENSMUSG00000049760,2410015M20Rik
ENSMUSG00000004460,Dnajb11
ENSMUSG00000075702,Selm
ENSMUSG00000075701,Vimp
ENSMUSG00000031431,Tsc22d3
ENSMUSG00000056629,Fkbp2
ENSMUSG00000002102,Psmc3
ENSMUSG00000024538,Ppic
ENSMUSG00000059182,Skap2
ENSMUSG00000030536,Iqgap1
ENSMUSG00000030246,Ldhb
ENSMUSG00000038095,Sbno1
ENSMUSG00000055436,Srsf11
ENSMUSG00000030086,Chchd6
ENSMUSG00000018770,Atp5g3
ENSMUSG00000030884,Uqcrc2
ENSMUSG00000026750,Psmb7
ENSMUSG00000026201,Stk16
ENSMUSG00000027620,Rbm39
ENSMUSG00000030067,Foxp1
ENSMUSG00000041836,Ptpre
ENSMUSG00000033047,Eif3l
ENSMUSG00000033685,Ucp2
ENSMUSG00000030403,Vasp
ENSMUSG00000037361,Sf3b6
ENSMUSG00000031158,Timm17b
ENSMUSG00000030793,Pycard
ENSMUSG00000030795,Fus
ENSMUSG00000060636,Rpl35a
ENSMUSG00000041126,H2afv
ENSMUSG00000027245,Hypk
ENSMUSG00000075010,AW112010
ENSMUSG00000031939,Taf1d
ENSMUSG00000031422,Morf4l2
ENSMUSG00000024997,Prdx3
ENSMUSG00000029004,Kmt2e
ENSMUSG00000025580,Eif4a3
ENSMUSG00000046364,Rpl27a
ENSMUSG00000028757,Ddost
ENSMUSG00000028759,Hp1bp3
ENSMUSG00000020561,Twistnb
ENSMUSG00000059436,Max
ENSMUSG00000007050,Lsm2
ENSMUSG00000026377,Nifk
ENSMUSG00000026374,Tsn
ENSMUSG00000063856,Gpx1
ENSMUSG00000031683,Lsm6
ENSMUSG00000022051,Bnip3l
ENSMUSG00000000326,Comt
ENSMUSG00000023505,Cdca3
ENSMUSG00000004207,Psap
ENSMUSG00000071533,Pcnp
ENSMUSG00000021361,Tmem14c
ENSMUSG00000021360,Gcnt2
ENSMUSG00000030335,Mrpl51
ENSMUSG00000030336,Cd27
ENSMUSG00000072620,Slfn2
ENSMUSG00000055720,Ubl7
ENSMUSG00000003824,Syce2
ENSMUSG00000038650,Rnh1
ENSMUSG00000024991,Eif3a
ENSMUSG00000020219,Timm13
ENSMUSG00000029918,Mrps33
ENSMUSG00000022013,Dnajc15
ENSMUSG00000021811,Dnajc9
ENSMUSG00000053453,Thoc7
ENSMUSG00000032026,Rexo2
ENSMUSG00000018171,Vmp1
ENSMUSG00000045826,Ptprcap
ENSMUSG00000035048,Anapc13
ENSMUSG00000063320,1190007I07Rik
ENSMUSG00000044533,Rps2
ENSMUSG00000008690,Ncaph2
ENSMUSG00000032216,Nedd4
ENSMUSG00000028234,Rps20
ENSMUSG00000073889,Il11ra1
ENSMUSG00000021814,Anxa7
ENSMUSG00000024048,Myl12a
ENSMUSG00000032330,Cox7a2
ENSMUSG00000018377,Vezf1
ENSMUSG00000006998,Psmd2
ENSMUSG00000043505,Gimap5
ENSMUSG00000004897,Hdgf
ENSMUSG00000018379,Srsf1
ENSMUSG00000026021,Sumo1
ENSMUSG00000006005,Tpr
ENSMUSG00000002014,Ssr4
ENSMUSG00000002015,Bcap31
ENSMUSG00000017286,Glod4
ENSMUSG00000001472,Tcf25
ENSMUSG00000000787,Ddx3x
ENSMUSG00000024190,Dusp1
ENSMUSG00000054452,Aes
ENSMUSG00000028932,Psmc2
ENSMUSG00000035278,Plekhj1
ENSMUSG00000030662,Ipo5
ENSMUSG00000030663,1110004F10Rik
ENSMUSG00000010376,Nedd8
ENSMUSG00000058569,Tmed9
ENSMUSG00000028936,Rpl22
ENSMUSG00000060743,H3f3a
ENSMUSG00000036781,Rps27l
ENSMUSG00000054072,Iigp1
ENSMUSG00000079641,Rpl39
ENSMUSG00000027405,Nop56
ENSMUSG00000021967,Mrpl57
ENSMUSG00000024194,Cuta
ENSMUSG00000032249,Anp32a
ENSMUSG00000022961,Son
ENSMUSG00000061032,Rrp1
ENSMUSG00000002870,Mcm2
ENSMUSG00000020368,Canx
ENSMUSG00000001783,Rtcb
ENSMUSG00000020361,Hspa4
ENSMUSG00000027406,Idh3b
ENSMUSG00000027404,Snrpb
ENSMUSG00000029177,Cenpa
ENSMUSG00000034544,Rsrc1
ENSMUSG00000092274,Neat1
ENSMUSG00000030654,Arl6ip1
ENSMUSG00000020225,Tmbim4
ENSMUSG00000020224,Llph
ENSMUSG00000027509,Rae1
ENSMUSG00000024981,Acsl5
ENSMUSG00000024986,Hhex
ENSMUSG00000079036,Alkbh1
ENSMUSG00000036372,Tmem258
ENSMUSG00000036371,Serbp1
ENSMUSG00000001642,Akr1b3
ENSMUSG00000037772,Mrpl23
ENSMUSG00000021595,Nsun2
ENSMUSG00000057729,Prtn3
ENSMUSG00000001082,Mfsd10
ENSMUSG00000038467,Chmp4b
ENSMUSG00000078920,Ifi47
ENSMUSG00000038462,Uqcrfs1
ENSMUSG00000096210,H1f0
ENSMUSG00000050299,Gm9843
ENSMUSG00000086503,Xist
ENSMUSG00000071014,Ndufb6
ENSMUSG00000079658,Tceb1
ENSMUSG00000024456,Diaph1
ENSMUSG00000006941,Eif1b
ENSMUSG00000024181,Mrpl28
ENSMUSG00000041133,Smc1a
ENSMUSG00000022876,Samsn1
ENSMUSG00000033307,Mif
ENSMUSG00000027342,Pcna
ENSMUSG00000027763,Mbnl1
ENSMUSG00000030435,U2af2
ENSMUSG00000041355,Ssr2
ENSMUSG00000030432,Rpl28
ENSMUSG00000037221,Mospd3
ENSMUSG00000030505,Prmt3
ENSMUSG00000067212,H2-T23
ENSMUSG00000063200,Nol7
ENSMUSG00000058600,Rpl30
ENSMUSG00000026743,Mllt10
ENSMUSG00000041736,Tspo
ENSMUSG00000027613,Eif6
ENSMUSG00000076437,2700094K13Rik
ENSMUSG00000071708,Sms
ENSMUSG00000035268,Pkig
ENSMUSG00000005410,Mcm5
ENSMUSG00000036572,Upf3b
ENSMUSG00000027184,Caprin1
ENSMUSG00000070493,Chchd2
ENSMUSG00000037197,Rbm17
ENSMUSG00000020803,Txndc17
ENSMUSG00000016921,Srsf6
ENSMUSG00000076431,Sox4
ENSMUSG00000076432,Ywhaq
ENSMUSG00000002204,Napsa
ENSMUSG00000078812,Eif5a
ENSMUSG00000029911,Ssbp1
ENSMUSG00000034892,Rps29
ENSMUSG00000028530,Jak1
ENSMUSG00000068240,Gm11808
ENSMUSG00000028407,Toporsos
ENSMUSG00000043510,Hscb
ENSMUSG00000002660,Clpp
ENSMUSG00000060036,Rpl3
ENSMUSG00000060032,H2afj
ENSMUSG00000020180,Snrpd3
ENSMUSG00000037960,Card19
ENSMUSG00000002064,Sdf2
ENSMUSG00000037966,Ninj1
ENSMUSG00000052534,Pbx1
ENSMUSG00000042111,Ccdc115
ENSMUSG00000016252,Atp5e
ENSMUSG00000025613,Cct8
ENSMUSG00000016256,Ctsz
ENSMUSG00000047215,Rpl9
ENSMUSG00000022477,Aco2
ENSMUSG00000098178,Gm42418
ENSMUSG00000029591,Ung
ENSMUSG00000025290,Rps24
ENSMUSG00000061518,Cox5b
ENSMUSG00000039221,Rpl22l1
ENSMUSG00000022587,Ly6e
ENSMUSG00000025724,Sec11a
ENSMUSG00000007836,Hnrnpa0
ENSMUSG00000006315,Tmem147
ENSMUSG00000052997,Uba2
ENSMUSG00000107061,Gm19590
ENSMUSG00000028868,Wasf2
ENSMUSG00000027433,Xrn2
ENSMUSG00000027430,Dtd1
ENSMUSG00000028719,Cmpk1
ENSMUSG00000003808,Farsa
ENSMUSG00000001794,Capns1
ENSMUSG00000020358,Hnrnpab
ENSMUSG00000021774,Ube2e1
ENSMUSG00000021771,Vdac2
ENSMUSG00000061474,Mrps36
ENSMUSG00000063696,Gm8730
ENSMUSG00000066551,Hmgb1
ENSMUSG00000003038,Hmgn2
ENSMUSG00000063694,Cycs
ENSMUSG00000068798,Rap1a
ENSMUSG00000063457,Rps15
ENSMUSG00000024054,Smchd1
ENSMUSG00000021576,Pdcd6
ENSMUSG00000021577,Sdha
ENSMUSG00000028249,Sdcbp
ENSMUSG00000028248,Pnisr
ENSMUSG00000020745,Pafah1b1
ENSMUSG00000032301,Psma4
ENSMUSG00000030744,Rps3
ENSMUSG00000030745,Il21r
ENSMUSG00000030980,Knop1
ENSMUSG00000023861,Mpc1
ENSMUSG00000028053,Ash1l
ENSMUSG00000028059,Arhgef2
ENSMUSG00000021643,Serf1
ENSMUSG00000061477,Rps7
ENSMUSG00000095687,Rnaset2a
ENSMUSG00000008450,Nutf2
ENSMUSG00000061479,Snrpa
ENSMUSG00000028676,Srsf10
ENSMUSG00000019494,Cops6
ENSMUSG00000028673,Fuca1
ENSMUSG00000034868,Myl12b
ENSMUSG00000039168,Dap
ENSMUSG00000063406,Tmed5
ENSMUSG00000029472,Anapc5
ENSMUSG00000009013,Dynll1
ENSMUSG00000039163,Cmc1
ENSMUSG00000039167,Adgrl4
ENSMUSG00000032604,Qars
ENSMUSG00000044155,Lsm8
ENSMUSG00000025393,Atp5b
ENSMUSG00000006728,Cdk4
ENSMUSG00000028873,Cdca8
ENSMUSG00000022354,Ndufb9
ENSMUSG00000037266,Rsrp1
ENSMUSG00000016559,H3f3b
ENSMUSG00000064360,mt-Nd3
ENSMUSG00000020460,Rps27a
ENSMUSG00000000827,Tpd52l2
ENSMUSG00000078974,Sec61g
ENSMUSG00000049932,H2afx
ENSMUSG00000020277,Pfkl
ENSMUSG00000021413,Prpf4b
ENSMUSG00000024177,Nme4
ENSMUSG00000078348,Sf3b5
ENSMUSG00000032423,Syncrip
ENSMUSG00000044424,Gm9493
ENSMUSG00000052837,Junb
ENSMUSG00000052833,Sae1
ENSMUSG00000078681,Tm2d3
ENSMUSG00000064215,Ifi27
ENSMUSG00000064363,mt-Nd4
ENSMUSG00000054766,Set
ENSMUSG00000039016,Timm8b
ENSMUSG00000024091,Vapa
ENSMUSG00000032047,Acat1
ENSMUSG00000035027,Map2k2
ENSMUSG00000020608,Smc6
ENSMUSG00000028907,Utp11l
ENSMUSG00000028452,Vcp
ENSMUSG00000028455,Stoml2
ENSMUSG00000016554,Eif3d
ENSMUSG00000038943,Prc1
ENSMUSG00000057666,Gapdh
ENSMUSG00000035242,Oaz1
ENSMUSG00000090272,Mndal
ENSMUSG00000027810,Eif2a
ENSMUSG00000031701,Dnaja2
ENSMUSG00000031708,Tecr
ENSMUSG00000031490,Eif4ebp1
ENSMUSG00000062203,Gspt1
ENSMUSG00000090019,Gimap1
ENSMUSG00000040225,Prrc2c
ENSMUSG00000029596,Sdsl
ENSMUSG00000000399,Ndufa9
ENSMUSG00000040952,Rps19
ENSMUSG00000029328,Hnrnpdl
ENSMUSG00000005672,Kit
ENSMUSG00000037062,Sh3glb1
ENSMUSG00000030541,Idh2
ENSMUSG00000033701,Acbd6
ENSMUSG00000060992,Copz1
ENSMUSG00000004100,Ppan
ENSMUSG00000070697,Utp3
ENSMUSG00000041777,Cir1
ENSMUSG00000000171,Sdhd
ENSMUSG00000041571,Sepw1
ENSMUSG00000037649,H2-DMa
ENSMUSG00000024965,Fermt3
ENSMUSG00000036427,Gpi1
ENSMUSG00000019054,Fis1
ENSMUSG00000004655,Aqp1
ENSMUSG00000030814,Bcl7c
ENSMUSG00000068856,Sf3b4
ENSMUSG00000073639,Rab18
ENSMUSG00000031818,Cox4i1
ENSMUSG00000022283,Pabpc1
ENSMUSG00000020077,Srgn
ENSMUSG00000022285,Ywhaz
ENSMUSG00000034041,Lyl1
ENSMUSG00000057841,Rpl32
ENSMUSG00000040048,Ndufb10
ENSMUSG00000057531,Dtnbp1
ENSMUSG00000026457,Adipor1
ENSMUSG00000071415,Rpl23
ENSMUSG00000031311,Nono
ENSMUSG00000098234,Snhg6
ENSMUSG00000023004,Tuba1b
ENSMUSG00000031633,Slc25a4
ENSMUSG00000059119,Nap1l4
ENSMUSG00000031388,Naa10
ENSMUSG00000046865,Fbl
ENSMUSG00000022024,Sugt1
ENSMUSG00000026034,Clk1
ENSMUSG00000026032,Ndufb3
ENSMUSG00000051457,Spn
ENSMUSG00000092341,Malat1
ENSMUSG00000041959,S100a10
ENSMUSG00000031812,Map1lc3b
ENSMUSG00000006398,Cdc20
ENSMUSG00000090862,Rps13
ENSMUSG00000026701,Prdx6
ENSMUSG00000005846,Rsl1d1
ENSMUSG00000068523,Gng5
ENSMUSG00000015943,Bola1
ENSMUSG00000028843,Sh3bgrl3
ENSMUSG00000029649,Pomp
ENSMUSG00000029642,Polr1d
ENSMUSG00000029860,Zyx
ENSMUSG00000098318,Lockd
ENSMUSG00000029267,Mtf2
ENSMUSG00000026864,Hspa5
ENSMUSG00000020476,Dbnl
ENSMUSG00000020477,Mrps24
ENSMUSG00000085715,Tsix
ENSMUSG00000029465,Arpc3
ENSMUSG00000038374,Rbm8a
ENSMUSG00000006389,Mpl
ENSMUSG00000056211,R3hdm1
ENSMUSG00000061613,U2af1
ENSMUSG00000025410,Dctn2
ENSMUSG00000059291,Rpl11
ENSMUSG00000056851,Pcbp2
ENSMUSG00000054619,Mettl7a1
ENSMUSG00000057522,Spop
ENSMUSG00000023106,Denr
ENSMUSG00000023104,Rfc2
ENSMUSG00000021676,Iqgap2
ENSMUSG00000057278,Snrpg
ENSMUSG00000090266,Mettl23
ENSMUSG00000064351,mt-Co1
ENSMUSG00000008668,Rps18
ENSMUSG00000002010,Idh3g
ENSMUSG00000020612,Prkar1a
ENSMUSG00000053604,Rpia
ENSMUSG00000052738,Suclg1
ENSMUSG00000068882,Ssb
ENSMUSG00000038393,Txnip
ENSMUSG00000064357,mt-Atp6
ENSMUSG00000064356,mt-Atp8
ENSMUSG00000064354,mt-Co2
ENSMUSG00000042198,Chchd7
ENSMUSG00000046691,Chtf8
ENSMUSG00000029462,Vps29
ENSMUSG00000089715,Cbx6
ENSMUSG00000064358,mt-Co3
ENSMUSG00000002395,Use1
ENSMUSG00000028029,Aimp1
ENSMUSG00000025747,Tyms
ENSMUSG00000028609,Magoh
ENSMUSG00000028603,Scp2
ENSMUSG00000025980,Hspd1
ENSMUSG00000025982,Sf3b1
ENSMUSG00000062963,Ufc1
ENSMUSG00000042682,Selk
ENSMUSG00000004535,Tax1bp1
ENSMUSG00000074698,Csnk2a1
ENSMUSG00000037894,H2afz
ENSMUSG00000071172,Srsf3
ENSMUSG00000001016,Ilf2
ENSMUSG00000027804,Ppid
ENSMUSG00000024829,Mrpl21
ENSMUSG00000059278,Naa38
ENSMUSG00000024826,Dpf2
ENSMUSG00000037072,Sep15
ENSMUSG00000037070,Rbmxl1
ENSMUSG00000059070,Rpl18
ENSMUSG00000015176,Nolc1
ENSMUSG00000058076,Sdhc
ENSMUSG00000001946,Esam
ENSMUSG00000024604,Rbm22
ENSMUSG00000037475,Thoc2
ENSMUSG00000024359,Hspa9
ENSMUSG00000030603,Psmc4
ENSMUSG00000024608,Rps14
ENSMUSG00000030978,Rrm1
ENSMUSG00000024914,Drap1
ENSMUSG00000001383,Zmat2
ENSMUSG00000051989,Smim11
ENSMUSG00000032959,Pebp1
ENSMUSG00000042670,Immp1l
ENSMUSG00000001366,Fbxo9
ENSMUSG00000020075,Ddx21
ENSMUSG00000001017,Chtop
ENSMUSG00000030779,Rbbp6
ENSMUSG00000025967,Eef1b2
ENSMUSG00000040940,Arhgef1
ENSMUSG00000021250,Fos
ENSMUSG00000021252,0610007P14Rik
ENSMUSG00000073481,Marc2
ENSMUSG00000029802,Abcg2
ENSMUSG00000022033,Pbk
ENSMUSG00000040435,Ppp1r15a
ENSMUSG00000026511,Srp9
ENSMUSG00000030559,Rab38
ENSMUSG00000006304,Arpc2
ENSMUSG00000040945,Rcc2
ENSMUSG00000030805,Stx4a
ENSMUSG00000026281,Dtymk
ENSMUSG00000041890,Git2
ENSMUSG00000004626,Stxbp2
ENSMUSG00000026192,Atic
ENSMUSG00000090000,Ier3ip1
ENSMUSG00000062210,Tnfaip8
ENSMUSG00000061904,Slc25a3
ENSMUSG00000030157,Clec2d
ENSMUSG00000027937,Jtb
ENSMUSG00000040236,Trappc5
ENSMUSG00000031954,Cfdp1
ENSMUSG00000026605,Cenpf
ENSMUSG00000031950,Gabarapl2
ENSMUSG00000032946,Rasgrp2
ENSMUSG00000000486,Sept1
ENSMUSG00000020390,Ube2b
ENSMUSG00000060019,Gm10073
ENSMUSG00000028382,Ptbp3
ENSMUSG00000042541,Shfm1
ENSMUSG00000046668,Cxxc5
ENSMUSG00000038965,Ube2l3
ENSMUSG00000074129,Rpl13a
ENSMUSG00000069565,Dazap1
ENSMUSG00000032596,Uba7
ENSMUSG00000028070,Apoa1bp
ENSMUSG00000034994,Eef2
ENSMUSG00000015806,Qdpr
ENSMUSG00000015804,Med28
ENSMUSG00000009549,Srp14
ENSMUSG00000066456,Hmgn3
ENSMUSG00000028478,Clta
ENSMUSG00000059895,Ptp4a3
ENSMUSG00000020719,Ddx5
ENSMUSG00000002058,Unc119
ENSMUSG00000039105,Atp6v1g1
ENSMUSG00000070034,Sp110
ENSMUSG00000052384,Nrros
ENSMUSG00000006740,Kif5b
ENSMUSG00000015932,Dstn
ENSMUSG00000028729,Ebna1bp2
ENSMUSG00000015937,H2afy
ENSMUSG00000056116,H2-T22
ENSMUSG00000017778,Cox7c
ENSMUSG00000046330,Rpl37a
ENSMUSG00000022820,Ndufb4
ENSMUSG00000037742,Eef1a1
ENSMUSG00000033220,Rac2
ENSMUSG00000033880,Lgals3bp
ENSMUSG00000017221,Psmd3
ENSMUSG00000033228,Scaf11
ENSMUSG00000017428,Psmd11
ENSMUSG00000017421,Zfp207
ENSMUSG00000000581,C1d
ENSMUSG00000020483,Dynll2
ENSMUSG00000065947,mt-Nd4l
ENSMUSG00000022824,Muc13
ENSMUSG00000028497,Hacd4
ENSMUSG00000032067,Pts
ENSMUSG00000032288,Imp3
ENSMUSG00000002985,Apoe
ENSMUSG00000044408,Sptssa
ENSMUSG00000059878,Zfp422
ENSMUSG00000039968,Rsbn1l
ENSMUSG00000014195,Dnajc7
ENSMUSG00000079197,Psme2
ENSMUSG00000031207,Msn
ENSMUSG00000008140,Emc10
ENSMUSG00000031754,Nudt21
ENSMUSG00000024399,Ltb
ENSMUSG00000034192,Lsm3
ENSMUSG00000031839,Hsbp1
ENSMUSG00000000740,Rpl13
ENSMUSG00000005610,Eif4g2
ENSMUSG00000027752,Exosc8
ENSMUSG00000027940,Tpm3
ENSMUSG00000030161,Gabarapl1
ENSMUSG00000027469,Tpx2
ENSMUSG00000015120,Ube2i
ENSMUSG00000062328,Rpl17
ENSMUSG00000019471,Cdc37
ENSMUSG00000027706,Sec62
ENSMUSG00000027708,Dcun1d1
ENSMUSG00000055553,Kxd1
ENSMUSG00000030189,Ybx3
ENSMUSG00000020863,Luc7l3
ENSMUSG00000027012,Dync1i2
ENSMUSG00000003873,Bax
ENSMUSG00000026496,Parp1
ENSMUSG00000018819,Lsp1
ENSMUSG00000027364,Usp50
ENSMUSG00000021427,Ssr1
ENSMUSG00000041203,2310036O22Rik
ENSMUSG00000021764,Ndufs4
ENSMUSG00000063480,Nhp2l1
ENSMUSG00000036594,H2-Aa
ENSMUSG00000059534,Uqcr10
ENSMUSG00000027160,Ccdc34
ENSMUSG00000031765,Mt1
ENSMUSG00000031347,Cetn2
ENSMUSG00000028651,Ppie
ENSMUSG00000029632,Ndufa4
ENSMUSG00000029254,Stap1
ENSMUSG00000029705,Cux1
ENSMUSG00000020402,Vdac1
ENSMUSG00000026500,Cox20
ENSMUSG00000039218,Srrm2
ENSMUSG00000021131,Erh
ENSMUSG00000021134,Srsf5
ENSMUSG00000068874,Selenbp1
ENSMUSG00000021282,Eif5
ENSMUSG00000049775,Tmsb4x
ENSMUSG00000031785,Adgrg1
ENSMUSG00000056394,Lig1
ENSMUSG00000026547,Tagln2
ENSMUSG00000006699,Cdc42
ENSMUSG00000063888,Rpl7l1
ENSMUSG00000020530,Ggnbp2
ENSMUSG00000063882,Uqcrh
ENSMUSG00000073616,Myeov2
ENSMUSG00000066149,Cdc26
ENSMUSG00000090258,Churc1
ENSMUSG00000018287,Spag7
ENSMUSG00000063316,Rpl27
ENSMUSG00000026385,Dbi
ENSMUSG00000022000,Zc3h13
ENSMUSG00000037740,Mrps26
ENSMUSG00000055943,Emc7
ENSMUSG00000075266,Cenpw
ENSMUSG00000062908,Acadm
ENSMUSG00000035011,Zbtb7a
ENSMUSG00000028447,Dctn3
ENSMUSG00000049960,Mrps16
ENSMUSG00000064370,mt-Cytb
ENSMUSG00000016541,Atxn10
ENSMUSG00000028044,Cks1b
ENSMUSG00000035478,Mbd3
ENSMUSG00000035674,Ndufa3
ENSMUSG00000008822,Acyp1
ENSMUSG00000021114,Atp6v1d
ENSMUSG00000025364,Pa2g4
ENSMUSG00000025362,Rps26
ENSMUSG00000032050,Rdx
ENSMUSG00000020708,Psmc5
ENSMUSG00000029405,G3bp2
ENSMUSG00000006732,Mettl1
ENSMUSG00000025381,Cnpy2
ENSMUSG00000029390,Tmed2
ENSMUSG00000028716,Pdzk1ip1
ENSMUSG00000028861,Mrps15
ENSMUSG00000034614,Pik3ip1
ENSMUSG00000029621,Arpc1a
ENSMUSG00000029622,Arpc1b
ENSMUSG00000029623,Pdap1
ENSMUSG00000020849,Ywhae
ENSMUSG00000020671,Rab10
ENSMUSG00000029713,Gnb2
ENSMUSG00000022831,Hcls1
ENSMUSG00000020069,Hnrnph3
ENSMUSG00000054405,Dnajc8
ENSMUSG00000096145,Vkorc1
ENSMUSG00000061119,Prcp
ENSMUSG00000061111,Fam195b
ENSMUSG00000036733,Rbm42
ENSMUSG00000001289,Pfdn5
ENSMUSG00000036186,Fam69b
ENSMUSG00000020267,Hint1
ENSMUSG00000020265,Sumo3
ENSMUSG00000045328,Cenpe
ENSMUSG00000024146,Cript
ENSMUSG00000039001,Rps21
ENSMUSG00000074227,Spint2
ENSMUSG00000021932,Rnaseh2b
ENSMUSG00000019872,Smpdl3a
ENSMUSG00000021939,Ctsb
ENSMUSG00000032436,Cmtm7
ENSMUSG00000063787,Chchd1
ENSMUSG00000024844,Banf1
ENSMUSG00000017781,Pitpna
ENSMUSG00000025574,Tk1
ENSMUSG00000024387,Csnk2b
ENSMUSG00000054717,Hmgb2
ENSMUSG00000029247,Paics
ENSMUSG00000031029,Eif3f
ENSMUSG00000008036,Ap2s1
ENSMUSG00000024571,Gm16286
ENSMUSG00000024208,Uqcc2
ENSMUSG00000005514,Por
ENSMUSG00000062270,Morf4l1
ENSMUSG00000041781,Cpsf2
ENSMUSG00000058655,Eif4b
ENSMUSG00000019689,1110001J03Rik
ENSMUSG00000027374,Mrps5
ENSMUSG00000007029,Vars
ENSMUSG00000062683,Atp5g2
ENSMUSG00000024576,Csnk1a1
ENSMUSG00000050621,Rps27rt
ENSMUSG00000030629,Zfand6
ENSMUSG00000056941,Commd7
ENSMUSG00000020380,Rad50
ENSMUSG00000041560,Gltscr2
ENSMUSG00000027170,Eif3m
ENSMUSG00000001403,Ube2c
ENSMUSG00000003545,Fosb
ENSMUSG00000036438,Calm2
ENSMUSG00000030751,Psma1
ENSMUSG00000024975,Pdcd4
ENSMUSG00000024974,Smc3
ENSMUSG00000038503,Mesdc2
ENSMUSG00000060675,Pla2g16
ENSMUSG00000005510,Ndufs3
ENSMUSG00000027712,Anxa5
ENSMUSG00000025439,Clns1a
ENSMUSG00000023010,Tmbim6
ENSMUSG00000029131,Dnajb6
ENSMUSG00000022708,Zbtb20
ENSMUSG00000022635,Zcrb1
ENSMUSG00000031627,Irf2
ENSMUSG00000031622,Sin3b
ENSMUSG00000090247,Bloc1s1
ENSMUSG00000055612,Cdca7
ENSMUSG00000040785,Ttc3
ENSMUSG00000048163,Selplg
ENSMUSG00000038762,Abcf1
ENSMUSG00000022010,Tsc22d1
ENSMUSG00000031807,Pgls
ENSMUSG00000026150,Mff
ENSMUSG00000026020,Nop58
ENSMUSG00000014856,Tmem208
ENSMUSG00000041417,Pik3r1
ENSMUSG00000006519,Cyba
ENSMUSG00000031715,Smarca5
ENSMUSG00000025208,Mrpl43
ENSMUSG00000004642,Slbp
ENSMUSG00000036309,Skp1a
ENSMUSG00000027953,Slc50a1
ENSMUSG00000026126,Ptpn18
ENSMUSG00000026154,Sdhaf4
ENSMUSG00000035227,Spcs2
